Workbook

Sheet Resource Pool
A1: # | B1: Team Member | C1: Project | D1: Status
A2: 1 | B2: Naman | C2: Uvation Marketplace | D2: =IF(OR(C2="",C2="Unassigned"),"Available","Assigned") -> Assigned
A3: 2 | B3: Shubham | C3: Uvation Marketplace | D3: =IF(OR(C3="",C3="Unassigned"),"Available","Assigned") -> Assigned
A4: 3 | B4: Parth | C4: Uvation Marketplace | D4: =IF(OR(C4="",C4="Unassigned"),"Available","Assigned") -> Assigned
A5: 4 | B5: Naveen | C5: Uvation Marketplace | D5: =IF(OR(C5="",C5="Unassigned"),"Available","Assigned") -> Assigned
A6: 5 | B6: Naga | C6: Uvation Marketplace | D6: =IF(OR(C6="",C6="Unassigned"),"Available","Assigned") -> Assigned
A7: 6 | B7: Kunal | C7: Uvation Marketing | D7: =IF(OR(C7="",C7="Unassigned"),"Available","Assigned") -> Assigned
A8: 7 | B8: Kannan | C8: Uvation Marketing | D8: =IF(OR(C8="",C8="Unassigned"),"Available","Assigned") -> Assigned
A9: 8 | B9: Saurab | C9: Atlas | D9: =IF(OR(C9="",C9="Unassigned"),"Available","Assigned") -> Assigned
A10: 9 | B10: Gourav | C10: Atlas | D10: =IF(OR(C10="",C10="Unassigned"),"Available","Assigned") -> Assigned
A11: 10 | B11: Yash | C11: Atlas | D11: =IF(OR(C11="",C11="Unassigned"),"Available","Assigned") -> Assigned
A12: 11 | B12: Ankit Saxena | C12: Chatbot | D12: =IF(OR(C12="",C12="Unassigned"),"Available","Assigned") -> Assigned
A13: 12 | B13: Shiva Prasad | C13: Chatbot | D13: =IF(OR(C13="",C13="Unassigned"),"Available","Assigned") -> Assigned
... A20: 19 | B20: Shivam | C20: Unassigned | D20: =IF(OR(C20="",C20="Unassigned"),"Available","Assigned") -> Available
B22: How to update: change a member's Project using the dropdown in column C (choose "Unassigned" to move them to the bench). Status and the Project Summary update automatically. Add new members in the rows below.
B23: Note: Saravana appeared twice in the original team list and is counted once.

Sheet Project Summary
A1: Project | B1: Headcount | C1: Members
A2: Uvation Marketplace | B2: =COUNTIF('Resource Pool'!$C$2:$C$40,A2) -> 5 | C2: Naman, Shubham, Parth, Naveen, Naga
A3: Uvation Marketing | B3: =COUNTIF('Resource Pool'!$C$2:$C$40,A3) -> 2 | C3: Kunal, Kannan
A4: Atlas | B4: =COUNTIF('Resource Pool'!$C$2:$C$40,A4) -> 3 | C4: Saurab, Gourav, Yash
A5: Chatbot | B5: =COUNTIF('Resource Pool'!$C$2:$C$40,A5) -> 2 | C5: Ankit Saxena, Shiva Prasad
A6: AI Factory Subscription – Visual Board | B6: =COUNTIF('Resource Pool'!$C$2:$C$40,A6) -> 4 | C6: Aman, Rishab, Ankit Sharma, Vishnu
A7: Unassigned | B7: =COUNTIF('Resource Pool'!$C$2:$C$40,A7) -> 3 | C7: Saravana, Akil, Shivam
A8: Total | B8: =SUM(B2:B7) -> 19
A10: Assigned | B10: =COUNTIF('Resource Pool'!$D$2:$D$40,"Assigned") -> 16
A11: Available (bench) | B11: =COUNTIF('Resource Pool'!$D$2:$D$40,"Available") -> 3
A12: Utilization | B12: =IFERROR(B10/(B10+B11),0) -> 0.84210526
A14: Members column is a static snapshot (14 Oct 2026); headcounts recalculate from the Resource Pool sheet.
